dna_sequence,expected_protein
CAATCCCTTTACCCTTACACCCTCTGCACGCTGTGCTGGCTTCGCCCTTACCATGGCAATGCTGACATAGTTCCTTCACCCATTCTTCCTTGATTACAGATTCCCCGCGTCTGTAGTGTTTCACCACTTCGCGCAATACATTATAAAATCCCGTACCTGAACAATGCTCACAGCGAGCCTTACTTGCCGCAGACCTGGAGTAATCAGCAAAGGCAAAACTCACGAGGTAAGGAATAATCTGTAACCGGATTTCTTCACTCAATTTGTTCAATGTCGGGTTATCCA,QSLYPYTLCTLCWLRPYHGNADIVPSPILP*LQIPRVCSVSPLRAIHYKIPYLNNAHSEPYLPQTWSNQQRQNSRGKE*SVTGFLHSICSMSGYP
ACAACTTCATCCGGATCACTCTGGAGCACACTAATCGCAAATCCATCATTGAAAGTTGTACCAAAGGTACACCAT,TTSSGSLWSTLIANPSLKVVPKVHH
AAAAAAAGTTATCAAAACCCCTCGGTAGTTTTGGGGTAGGCTGGCCGGTCAGGTGGTAGTTCTACTACTAGTCTCCCACAT,KKSYQNPSVVLG*AGRSGGSSTTSLPH
GACAGATAAAATCGTCGTATCACCAGCCGCAGGGACAATCGTGAAAATCTTCAACACCAACCA,DR*NRRITSRRDNRENLQHQP
TCCTTTAAACTCGGGCGCAAAAAGAGCCTGATGATCGGCGCAATTTTGTTTGTTGCCGGTTCGCTGTTCTCTGCGGCTGCGCCAAACGTTGAAGTACTGATTCTTTCCCGCGTTCTACTGGGGCTGGCGGTGGGTGTGGCCTCTTATACCGCACCGCTGTACCTCTCTGAAATTGCGCCGGAAAAAATTCGTGGCAGTATGATCTCGATG,SFKLGRKKSLMIGAILFVAGSLFSAAAPNVEVLILSRVLLGLAVGVASYTAPLYLSEIAPEKIRGSMISM
AACTGTTGCGTTGACCAATTGAATCTACAGTTGCTTTTTTTAATATATCTCGCTCAAGGCGAGCTTCATTTAACGCCTTACGCAGTTGCAGAATTTCAGATTCCAGTTCAGCCACCGTGCGGGAACCAGGAGTACCGAGCCCTTTTCTGGCGGCGGTAACCCATTGTCCTAAAGTGCCTTCAGGAAGAGATAATCGGGAAGCGCCTTCACTGATCGAAAGTTGATTTTCAAGAACCGTTCTGACAGCTTCGGCTTTGAACTTTTTAGAGTAACGTTGGGTTTTTCTGCTCATTATTAGCTCCTTCTGATGCCATTCTATTTCAGGAAGGAGTGTCCGTTAAACTCAGGCTACCTCAGGAAAAACCGTCCTGAAAAACCAGACGGCAGACGGGCTGTATTACG,NCCVDQLNLQLLFLIYLAQGELHLTPYAVAEFQIPVQPPCGNQEYRALFWRR*PIVLKCLQEEIIGKRLH*SKVDFQEPF*QLRL*TF*SNVGFFCSLLAPSDAILFQEGVSVKLRLPQEKPS*KTRRQTGCIT
GCCAGAATCGGTACTGACAGCGGCAACAGGACAAGGCGGAAGGCC,ARIGTDSGNRTRRKA
AACAAGATTACCGATACGCTGAAGGCG,NKITDTLKA
TAACCTGCAGGTTGTTATCGGGCC,*PAGCYRA
CGCACTATTGAACTTGGCGTCACAAAAGTGAACGTTGCCACAGAATTAAAAATAGCCTTCGCTGGCGCGGTTAAAGCCTGGTTTGCGGAAAATCCGCAGGGTAATGATCCTCGTTATTATATGCGCGTCGGAATGGATGCGATGAAAGAAGTTGTCAGAAAT,RTIELGVTKVNVATELKIAFAGAVKAWFAENPQGNDPRYYMRVGMDAMKEVVRN
TGCCGCGCAATCCGCAGACGCCTGGGGTACACCGACGACTGCACCGACTGACGGCGGTGGTGCTGACTGGCTGACCAGTACGCCTGCGCCAAACGTCGA,CRAIRRRLGYTDDCTD*RRWC*LADQYACAKRR
CGCCACCTGAGTGATATTTTTGTTATCCAT,RHLSDIFVIH
ACTATAATTTCTAAT,TIISN
TCGAACATCGATCTCGTCTTGTGTTATAATTCTAACATACGGTTGCAACAACGCATCCAGTTGCCC,SNIDLVLCYNSNIRLQQRIQLP
AATGCCTGCATCAGCGCGCTGGATTTTTCCGCCAGCCAATACCCC,NACISALDFSASQYP
GCGCTCAGCAACAATCTGATTAAACAACGCACTGCGGGCTGCCGACAACCAAAAACTCCGTTTATTGCGATCGCGCACCGGAGTATTGGTTTGCGCCCAGCGCTGCGCCCCCTGCAAGTTGCTACCGCCAATCCCAAAACGTTGGGCACC,ALSNNLIKQRTAGCRQPKTPFIAIAHRSIGLRPALRPLQVATANPKTLGT
AAATCTGCCGATCCGGAAACCTCCTACACCGCCAAACTGTATGCCAGCGGCACCAAACGC,KSADPETSYTAKLYASGTKR
GACCTTCTCTGCTGCTAACAAAGCTGACCTGGGTGCATACACCTATCAGGCTGAACAGCGCGGTAACACCGTTGTTCTGCAACAGATGGAGCTGACCGACTACGCTAACATGGCGCTGAGCATCCCGTCTGCGAACACCAATATCTGGAACCTGGAACAAGACACCGTTGGTACTCGTCTGACCAACTCTCGTCATGGCCTGGCTGA,DLLCC*QS*PGCIHLSG*TAR*HRCSATDGADRLR*HGAEHPVCEHQYLEPGTRHRWYSSDQLSSWPG*
CGTGGTCAGCGCGGTCGTATGGAAATTCGTATTGATGTTCAGGGTGTTAGCTGC,RGQRGRMEIRIDVQGVSC
CCTGATCCCATTCTGTGTGATGGCGATTGCCAATGGCGCGATCTACCCTATTGTTGTCGCCCAGGCGCTGCGTCCCTTCCCACACGCAACTGGTCGCGCCGCAGCGTTGCAGAACACTCTTCAACTGGGTCTGTGCTTCCTCGCAAGTCTGGTAGT,PDPILCDGDCQWRDLPYCCRPGAASLPTRNWSRRSVAEHSSTGSVLPRKSGS
TTCATGAAGCTGCGCTCCCGGTGGCACGCCGCCAGGAGCTTGCAGAATGGGCTGACTCTCTTACGCCGAAACAGGAGTTTCCTG,FMKLRSRWHAARSLQNGLTLLRRNRSFL
TTTACGGGAGGGGTT,FTGGV
ACGCTTGTTCGACGC,TLVRR
GCGAAAACTTACCGTATGGCGACATTAAACTTCAATGCCACCGGCGGTGATGGATATCCGCGCCTTGATAACAAACCGGGCTATGTGAATACCGGCTTTATTGAT,AKTYRMATLNFNATGGDGYPRLDNKPGYVNTGFID
GCGTTTTTTACCAGCGCGTGGTGCAGCAGCAGA,AFFTSAWCSSR
TTCAGGTCGTTCCGATATGCCCTTTGCGCTGCTGCTTCTCGCGCCCAGCTTATTACTGCTGGGCGGTCTGGTGGCGTGGCCGATGGTGTCGAATATCGAAATCAGTTTTTTACGTCT,FRSFRYALCAAASRAQLITAGRSGGVADGVEYRNQFFTS
CAACCCGAAGATGTTTCACTT,QPEDVSL
ATCAATTAAGCAACA,IN*AT
AACTTACGGATAGTTTCTACGCGTTCAAGAATGTGTTCTCCCAACGCATCCTTGATGGTT,NLRIVSTRSRMCSPNASLMV
CTATAACCCAGCTCCTGCAATACAGCAGCGGTATGTTCACCTAATAGCGGCGCAGCTTTAATATCC,L*PSSCNTAAVCSPNSGAALIS
GGCTTTAAATGAGCAATAACCTTAATGAATGTGACGATACATTCTGGAATGGCAGTA,GFK*AITLMNVTIHSGMAV
TCCGCGTCAAAAGAA,SASKE
GCGTGGTATCAAACGTGAAGAAATCGAACGTGGTCAGGTACTGGCTAA,AWYQT*RNRTWSGTG*
CCGCACACCATTTCCAGATTGTGCTGGAAATTACCGAGCGCG,PHTISRLCWKLPSA
TTTGAAGAGGGTACGGATGCG,FEEGTDA
CCAGAAAGGTAGAAA,PER*K
ATTATTGTTAGTCGGTGGAGGAAGTCGCAACACATTGTGGAATCAGATTAAAGCCAATATGCTTGATATTCCGGTAAAAGTTCTCGACGACGCCGAAACGACCGTCGCAGG,IIVSRWRKSQHIVESD*SQYA*YSGKSSRRRRNDRRR
ACCACTTTCCAGTCA,TTFQS
AATCTTATTCCCGGCGTGGAAATTTCCACGGTCTGGGAAAATCATGAAATTCATATTGTC,NLIPGVEISTVWENHEIHIV
CCGATAACTTGCTCA,PITCS
CATCCGCTGATCGACGCGCTGGATGATGCCAAACTGGCACCTATTGCTGCCAAAGCACTTTCTCACACGCTGCTGATGTTCGATAACTTCTATGACGTAGAAGAGAAAGCGAAAGCAGGCAACGAATATGCGAAGCAGGTTATG,HPLIDALDDAKLAPIAAKALSHTLLMFDNFYDVEEKAKAGNEYAKQVM
GCGGAGTCACCTTCCACAAGGAACAGCTCGGTACGGTTAAGGTCCTGCGCGGTACAATCAGCCAGTTTGCCAGGCAACGCCGGGCCGCTGGTCAGCTTTTTACGCACCACTTTTTTGGCCGCACGCATACGGCGCTGGGCGCTGGAAATCGCCATCTCCGCCAGCAGTTCAGCCGCCTGA,AESPSTRNSSVRLRSCAVQSASLPGNAGPLVSFLRTTFLAARIRRWALEIAISASSSAA*
TTTTGGTATCAGTGGTTTCCCTGTCCTGAGTGGCAACTGCCGCCGGTATTGCGT,FWYQWFPCPEWQLPPVLR
CGATCCCGACAATAAATTTGCTATGCCCTATAT,RSRQ*ICYALY
TGGAGGAATGGCCGC,WRNGR
GGTAAAGAGAAGGTC,GKEKV
CCACCGGATTTCTCGACATCATCCCACTAAGTCAGCCGCTGGAGTTTCGGCGGGAAGGGTTGCAACATGGGGTGCTGGATAAGCTGCGCAGTGGTAAATATCCGCAACAGGCGAGCCTGAATCTTTTGCGCCAGCCGGTGGAAGAGTGCCGCAAAATGGTGTTCAGTTTTATTCAACAAGCCCTGGCGGATGGTTTGCGTAACGTGCTGATTATTCATGGTAAAGGGCGGGATGATAAATCGCATGCCAATATTGTCCGCAGCTATGTGGCGCGCTGGCTGACCGAATTTGATGATGTTCAGGCATATTGCACCGCGCTACCGCATCATGGCGGCAGCGGGGCGTGTTACGTCGCACTACGTAAAACGGCGCAGGCGAAGCAAGAAAACTGGGAGCGCCACGCTAAGCGCAGTCGTTGATCTCGAGACGCATCCGCGGCTTATGCCGCCAGCA,PPDFSTSSH*VSRWSFGGKGCNMGCWISCAVVNIRNRRA*IFCASRWKSAAKWCSVLFNKPWRMVCVTC*LFMVKGGMINRMPILSAAMWRAG*PNLMMFRHIAPRYRIMAAAGRVTSHYVKRRRRSKKTGSATLSAVVDLETHPRLMPPA
GCGCTCCAGCTCATTAGGATCCAGCGAATC,ALQLIRIQRI
CGATCGGCGTCGTAA,RSAS*
GAGTGTAAATTTTAGTCACTATTTTCTAATATGATGATTTTTATGAGTAATTATCGCACC,ECKF*SLFSNMMIFMSNYRT
GTTCTGTTAGTGTATTATCCACTGCGGCCCTTTCCGCCGTCTCGCAAACGGGCGCTGGCTTTAGGAAAGGATGTTCCGTGGCCGTAAATGCAGGTGTTTCACAGCGCTTGCTATCGCGGCAATATCGCCAGTGGTGCTGTCGTGATGCGGTCTTCGCATGGACCGCACAATGAAGATACGGTGCTTTTGTATCGTACTTATTGTTTCTGGTGCGCTGTTAACCGAGGTAAATAATAACCGGAGTCTCTCCGGCGACAATTTACTGGTGGTTAACAACCTTCAGAGCAGCAAGTAAGCCCGAATGCCGCCCTTTGGGCGGCATATTTTAGATTATCC,VLLVYYPLRPFPPSRKRALALGKDVPWP*MQVFHSACYRGNIASGAVVMRSSHGPHNEDTVLLYRTYCFWCAVNRGK**PESLRRQFTGG*QPSEQQVSPNAALWAAYFRLS
TCGCCTTCGTCGTGGTCAATATCAATATTAACTATCGTCGCCCAGCGGTATTAAGTGACCTGTTAACTATTACCAGTCAGTTGCAGCAATTAAACGGTAAAAGCGGCATCTTAAGCCAGG,SPSSWSISILTIVAQRY*VTC*LLPVSCSN*TVKAAS*AR
GGATAAAGGCGGCACGCTGGAGATCGCCAAACGCTTTGATAGCGGCGTGGTGGTGGGTGGCTATGCCACGATCACTAATGTTTCGAAAGAGGAGTACGGCGA,G*RRHAGDRQTL**RRGGGWLCHDH*CFERGVRR
ATCAGCCAACGGATACGCGACAAAATCGGCGAATCGGTTGATCTCTCTGCCCTGCAAGAGGCGTTATGGGCGCTGGTCTGGCAAGGCGTCATCACCAGCGACATTTGGGCACCGTTACGCGCCCTCACCCGCAGCAGTTCCAACGCACGCACCTCAACTCGCCGCAGTCACCGGGCT,ISQRIRDKIGESVDLSALQEALWALVWQGVITSDIWAPLRALTRSSSNARTSTRRSHRA
CTGCTTATCCGGTGC,LLIRC
ATGAGATAGCCGCGCTGACCGTTGGCGGCTCATTGTTGCAGAACTCGAAAGTGCGCAAAGACGTGCTATCCCGCGGGCCGCACAGCCTGTATTTGGTGCAGGATGCGCAACTTGAACATGCACTGCCTCTCGATACCGCAAAAGCGCTGGCGGCAGCAATTGAAAAGATCGGCTTCGATTTACTGATCTTTGGTGAAGGTTCCGGCGACCTTTATGCCCAGCAGGTTGGCTTGCTGGTCGGAGAAATTCTGCAACTTCCGGTGATTAATGCAGTGAGTGCTATTCAGCGTCAGGGCAATA,MR*PR*PLAAHCCRTRKCAKTCYPAGRTACIWCRMRNLNMHCLSIPQKRWRQQLKRSASIY*SLVKVPATFMPSRLACWSEKFCNFR*LMQ*VLFSVRAI
CAGCAACGCGACCTTCTCTGCTGCTAACAAAGCTGACCTGGGTGCATACACCTATCAGGCTGAACAGCGCGGTAACACCGTTGTTCTGCAACAGATGGAGCTGACCGACTACGCTAACATGGCGCTGAGCATCCCGTCTGCGAACACCAATATCTGGAACCTGGAACAAGACACCGTTGGTACTCGTCTGACCAACTCTCGTCATGGCCTGGCTGATAACGGCGGCGCATGGGTAAGCTACTTCGGTGGTAA,QQRDLLCC*QS*PGCIHLSG*TAR*HRCSATDGADRLR*HGAEHPVCEHQYLEPGTRHRWYSSDQLSSWPG**RRRMGKLLRW*
GCTACGGTCGATTTCTGGCAGGTTGAGGAAGAAATCGTAATTGATTTTCTCTTCTTCGACATGTTCCAGGCGAGACATCATATTGATGGCTTTAATCTCTGGATTCTGACGGTCTTTCGCCGGGCAAACTTCGACGCACAGGTTACAACCGGTGCA,ATVDFWQVEEEIVIDFLFFDMFQARHHIDGFNLWILTVFRRANFDAQVTTGA
TTATTGATTATTGCCGTCATCGTTGTACTGCTTTTTGGCACCAAAAAGCTCGGCTCC,LLIIAVIVVLLFGTKKLGS
CGTAATCAACGTCTTCCGGCTGGGTGTACAGTGCAGAAGCGTCCATGTGGCTGTTGTCCACGCCGTCTTCTTCACCACCGGTGCAACCCAGTTCGATTTCCAGAGTCATGCCGATTTTGGACATGCGCTCCAGGTATTTAGAGCAGATTTCGATGTTCTCTTGCAGAGATTCTTCAGACAGGTCGATCATGTGAGAAGAGAACAGCGGCTTACCGGTAGCTGCGA,RNQRLPAGCTVQKRPCGCCPRRLLHHRCNPVRFPESCRFWTCAPGI*SRFRCSLAEILQTGRSCEKRTAAYR*LR
GTTAAGGCCAAACAGCAGCTCGATCAGTTTACCTGCGCCCACCATCTGGGCGATAAGGTAAAGCGCCACCACCACCAGAGAACCACAGGCCGAAAGAATACGAATCGGCCCTTGTTT,VKAKQQLDQFTCAHHLGDKVKRHHHQRTTGRKNTNRPLF
TTAGCAATGGCATATATAGCCGCTCTGCCGTTCAGCAGGCCTTTAGTTTACTGGGATGGCCAAGTATTAAAATCAACGACTGAAATTAAAAATTATGATGGGTCCACGCGTGTCGGCGGTGAGGCGTAGCTTAATAAAGGTTGCTCTACCTATCAGCAGCTCTACAATGAATTCCACGCATTATATATAGATAAA,LAMAYIAALPFSRPLVYWDGQVLKSTTEIKNYDGSTRVGGEA*LNKGCSTYQQLYNEFHALYIDK
GGTCACTGCAGTTGCGTGAGCAGGGCTTCCGCCATCACCCAC,GHCSCVSRASAITH
TGTATGCGTCAACGTGAAACCGGCACCGGAAGTGCGTGAATTCTGGGGCTGGTGGATGGAGCTGGAAGCGCAGGAATCCCGTTTTACCTACAGTTACCAGTTTGGTCTGTTCGATAAAGCAGGCGACTGGAAGAGTGTTCCGGTAAAAGACACTGAAGTGGTTGA,CMRQRETGTGSA*ILGLVDGAGSAGIPFYLQLPVWSVR*SRRLEECSGKRH*SG*
ACCTGCCACCGCGTCCTGAGTGAAATCGACGCCGAAGTA,TCHRVLSEIDAEV
GTTGTCCTGACGACCACTTAACACCAGCAGCAG,VVLTTT*HQQQ
GGTTTGTACTGGCCTATTGGTCAGGAGCATAAACTACCTATAGTGTGCGAAACGTACCATGAC,GLYWPIGQEHKLPIVCETYHD
TCGTCCATCCATCGTGCCTGACTTGTA,SSIHRA*LV
CAGCGGTTCTGCGTCGGCATGGATCTGCACGGCAAGTTCACGCGTCGGTGCCATAAT,QRFCVGMDLHGKFTRRCHN
GTTCATCCTTAAATC,VHP*I
TTCTTACTGGTGGTATGGCGATTAAACGCCTGGCGAACGTTGCCAGCAATGTGTGTGGCTGGAGGCTTGCTGATGTGCTGGCCGCTGTGGCAAAAACCTCGACCTGACGAGTGGCAGCTGTACATGCTTGATGTCGGGCAAGGGCTGGCAATGGTGATAGCCAGAAACGGCAAAGCGATTCTCTATGACACAGGACTGGCCTGGCCTGAAGGGGATAGTGGGCAACAACTGATTATCCCCTGGCTCCACTGGCATAATCTTGAACCGGAAGGCGTTATTCTGAGCCATGAACAT,FLLVVWRLNAWRTLPAMCVAGGLLMCWPLWQKPRPDEWQLYMLDVGQGLAMVIARNGKAILYDTGLAWPEGDSGQQLIIPWLHWHNLEPEGVILSHEH
TTCAAAGCTTCCACGGTGAGCGATTAATGGCTCCAGGCTTAACTTACGTTCTGTCAGCAACCGGCTCGCCGTTTCCCACTCCTGCCCCGGCCAAGGGCTGGAGTAGTTCATCCAACTGCCGATAACCGTCAGCTCTTTACG,FKASTVSD*WLQA*LTFCQQPARRFPLLPRPRAGVVHPTADNRQLFT
CTGAGTAACTGCCCACGATTAAAGGTGGCCGCCCTGGCGGTCACTTCTTTGAGAAAAGGCGTTTACTCAGAATGGTGGACAGGCTCA,LSNCPRLKVAALAVTSLRKGVYSEWWTGS
CTTAAGGAACCGTTG,LKEPL
AAGGCGTTATCGGCAACGTTGATAAAGAACTGGCTGGTGGCGCTGTCTTTGTCAGCGGTACGTGCCATCGCGATGGTGCCACGCGTGTTGCGCAGGCCGTTATCGGCTTCATTTTTGATTGGCGGGTTTGGTTTTTTCTGCTGCATCTGCTCGGTGAAACCGCCGCCCTGAATCATAAAGCCAGGAATG,KALSATLIKNWLVALSLSAVRAIAMVPRVLRRPLSASFLIGGFGFFCCICSVKPPP*IIKPGM
ATCAATCAGTTTTTTCAAGCTAGCCCG,INQFFQASP
TAACTGGGTAATGATCCCGCATGTTACTCACTTCGACAAAACCGATATCACCGAGTTGGAAGCGTTCCGTAAACAGCAGAACGAAGAAGCGGCGAAACGTAAGCTGGATGT,*LGNDPACYSLRQNRYHRVGSVP*TAERRSGET*AGC
CGCTATCGAAAACATGAA,RYRKHE
CGACAATCAGCAGTCGTGTCGGGCGCAGTTCACGGATAGCGACGATGTCGTTTTCCGGTGCGCTACCGCCGTCAATCACCACCCAGTTACCTTTCGGCGCGGCGGCGCACT,RQSAVVSGAVHG*RRCRFPVRYRRQSPPSYLSARRRT
TCCGGAATGGTGGCG,SGMVA
GCATAGCGATTTCCTGGTTATCTGCCTCTCCGCCCTGCCCCACCACCAGCACCCGTCTGGCCTCAGCTAATGGGTCGCGGGTAACATTTTTCAGATCCTCTGTGCTAACCAGCCAGTCCGGAAGCGCACCCGGGACAATGTTCAGTTGTTGCATTCCAGAGGGCAACGTGGCGTTTTTCGCTGCTCCCGCCTGACGCGCCAGGGAAAGGCATAGCGGGCGTTTTTCTGTTTGCAGCGTCGCCGTTAGCGCATTTCCCCAGTGGGATTTGCGCACGCTTACGGTTGGAATATCTAACGAAGTCACCTGGCAGATGCTTGCACCATGTAAACGCCAGGCCAGCCGGGTCGACAGTTCAT,A*RFPGYLPLRPAPPPAPVWPQLMGRG*HFSDPLC*PASPEAHPGQCSVVAFQRATWRFSLLPPDAPGKGIAGVFLFAASPLAHFPSGICARLRLEYLTKSPGRCLHHVNARPAGSTVH
TTTGTGAGTTAACGCTGCGGATTTTCATCCTGATCAACAGCAAAACAAGCTACCAGTTGACCGCCGTAGTCTTTTAGCTGCGGCTGCAACTGGGTGCAGGGGCCGAAGCGCCGACGACAGCGGGCGTTGAAGGCGCAACCCGGCGGTGGATTCAGTGGGCTTGGTAGTTCACCGCTGAGCTTGATGCGCTCGCGGCGATCGTCCGGGTTCAGGCGCGGCGTCGCGGAAAGTAGCGCCTGAGTGTACGGATGGCGCGGGTTATTGAAGATTTGGTCTTTCGTTCCCTTCTCCACGCAGCGGCCCAGGTACATCACCATCACTTCATCAGCAATGTGCTCCACCACCGACAGGTCGTGGGAGATAAAGACATAAGACAGCCCCAACTCCTGCTGCAAATCCATCATCAGATTCAGCACCTGC,FVS*RCGFSS*STAKQATS*PP*SFSCGCNWVQGPKRRRQRALKAQPGGGFSGLGSSPLSLMRSRRSSGFRRGVAESSA*VYGWRGLLKIWSFVPFSTQRPRYITITSSAMCSTTDRSWEIKT*DSPNSCCKSIIRFSTC
TCGCTCAAAAATCCAGATTTATAAAAGAAAAAATGACTGGCCAGCATCGCAACATGCTGGCCTTTTTGGCAAGCAGGTCGGCTCAGCCGATGAGTTAAGAAGATCGTGGAGAACAAT,SLKNPDL*KKK*LASIATCWPFWQAGRLSR*VKKIVENN
TTATCGAAGTGCGGCCGGTGGCGACACAGGTTGATGATCTTCTTTCGGAGATTCGTCAGCGAGCGGCAATTAACGAACGCGTACTGGTCACCACACTGACCAAGCGGATGGCGGAAGATCTTACCGAATATCTCGAAGAACATGGCGAGCGCGTGCGTTATCTTCACTCAGATATCGACACCGTCGAACGTATGGAGATTATCCGCGACTTGCGTCTGGGTGAGTTCGACGTGCTGGTAGGGATCAACTTACTGCGCGAAGGTCTGGATATGCCGG,LSKCGRWRHRLMIFFRRFVSERQLTNAYWSPH*PSGWRKILPNISKNMASACVIFTQISTPSNVWRLSATCVWVSSTCW*GSTYCAKVWICR
TCGACCAGACTGGTGTTAAAAAACATCACCAGGCCGCTCAGGAGC,STRLVLKNITRPLRS
ACAAAAAATTTTTGCATCTCCCCCTTGATGACGTGGTTTACGACCCCATTTAGTAGTCAACCGCAGTGAGTGAGTCTGCAAAAAAATGAAATTGGGCAGTTGAAACCAGACGTTTCGCCCCTATTACAGACTCACAACCACATGATGACCGAA,TKNFCISPLMTWFTTPFSSQPQ*VSLQKNEIGQLKPDVSPLLQTHNHMMTE
GGGCATTGCACCGGAGCATAT,GHCTGAY
TTTGATATCGAACCAGACGCTCCATTCGCGGATGTACTCAAGGTCGAACTCGACGCG,FDIEPDAPFADVLKVELDA
TCGGGTTGCCAATATTTACTTGTGGAAGTGATAAAGACAAAAATGGCCGCAGGCTGTTACCCCTGCGGCCGGTTTCGGGCGCATATTGCCATC,SGCQYLLVEVIKTKMAAGCYPCGRFRAHIAI
CTTTTGTGTAACTTAATTACAGGATGAATGTAAATAAACCATCAATAAGCAAAAATAAGTGGTCGGATGAGTAGTAAAATTACACAAAAGGCGGTACTATTTTCATCAGATAAACAAATTCATTTTTCCGGTGCCATTCACCGGGTAGATACAAAAGGGGGAGAAAAGTATGGAACTCTACAGAGAATATCCTGCATGGCTTATCTT,LLCNLITG*M*INHQ*AKISGRMSSKITQKAVLFSSDKQIHFSGAIHRVDTKGGEKYGTLQRISCMAYL
CAGGGCGATCGTGGTTGCCGAAGCAGGCAAACGTCGGCGCACATTCGGCAAGGGGGGAGAGTACGTCACTAAACGCCGAAAAATTCAGCGACATATCAAATAATACGTAATCGCCGCCCAGTAATATCAAATCGGGCTTTTGTTCTATGCCAAGAGCAATCGCGTCAGAAATCAGGCTTAAAGGAACAAAACGAGAGTAATGGAGATCGGCCAGAAAAAGAATTTTGAATGGTGCTGCGTTGTCTTTAAAAAAGGCGAGGCGGTGACGGATTAATTCAAACCAGCCTGGCTCACAGTAATGCATATAACCGAAACCTGAGCTCGTGGCTATCGTCGCGGCAGTAGCCTGCAAAAATCGGCGGCGTGAAATCATCGCTCATCCCTGCAAAAAAATCGGGCAGCGTCGTGCTGCCCGTGTGCATACTTTTAGTCGATGGTACGCAGCAGTTCGTTAATGCCGACTTTGCCGCGAGTTTTCGCGTCAACTTTCTTAACGAT,QGDRGCRSRQTSAHIRQGGRVRH*TPKNSATYQIIRNRRPVISNRAFVLCQEQSRQKSGLKEQNESNGDRPEKEF*MVLRCL*KRRGGDGLIQTSLAHSNAYNRNLSSWLSSRQ*PAKIGGVKSSLIPAKKSGSVVLPVCILLVDGTQQFVNADFAASFRVNFLND
CGCTGGTGCCGATGGTCATTGAACAGACCTCACGCGGTGAGCGCTCTTTTGATATCTATTCTCGTCTACTTAAGGAACGCGTCATTTTTC,RWCRWSLNRPHAVSALLISILVYLRNASFF
GATTCTGACGATTAATAAAAAGGGCGAAATGCCCTTTTTTTATGTCAGTAGTTTCTGCAGATGGATGAGCAAACGGTCAATCGCTCGATAGCTAACTGCCTCCTGCAAATGCTGACGTGTGATAATGTCAGACTGATCAATATCAGCAATGGTTCGTGCAACTTTCAATAACCGCTGCCAGGCACGAATCGATAACCCCAGATGGATCAGTGTTCCTTCCAACCACATCGCATCTTCGCT,DSDD**KGRNALFLCQ*FLQMDEQTVNRSIANCLLQMLTCDNVRLINISNGSCNFQ*PLPGTNR*PQMDQCSFQPHRIFA
TCTCTTCATCGCAATTATTGACGACAAGCTGGATTATTTTTGAAATATTGGCCTAACAAGCATCGCCGACTGACAACAAATTAATTATTACTTTTCCTAATTAATCCCTCAGGAATCCTCACCTTAAGCTATGATTATCTAGGCTTAGGGTCACTCGTGAGCGCTTACAGCCGTCAAAAACGCATCTCACCGCTGATGGCGCAAATTCTTCAATAGCTCGTAAAAAACGAATTATTCCTACACTATAATCTGATT,SLHRNY*RQAGLFLKYWPNKHRRLTTN*LLLFLINPSGILTLSYDYLGLGSLVSAYSRQKRISPLMAQILQ*LVKNELFLHYNLI
TCGCAGGTTGTTGGAATAACTCAACTGATAATCCTTACTACTGCCGCTACGCCCCCAGTAATCTCGCCATAACGTACTTAATGACACAGACCCCCAACCTTCTGGCAATGACTGGCTCATATTGGCGGAAAAGCTATTTTTGCGGCCAAAATCGTTCTGGTAATAATCGGCAATGTCATAGACATCGTTTTCATCACGGCGATAATTATCTTTATTGTTTGCCCAAACGTGATCGTTAAATGTCCGGTAATCACGCGACGAATAACGCCAGGCCGCCAGACCAAAACGCGTCGACGTTTGGCTCACAAATTTGTTGTAGGCAATTTGATAACTTTGCCCGTCAAACACATCGCCGTTGTCTTGTTTACTATGCGACTTAGTGGCATCGACGGAAATGGCACCAATGCGTGTATTCCAGCCAGCCCCCAAAGTAAACGCGTAATAATTATTCGCGACCATCGAGCCACCATACAGCGTCAATAAATTATTAAAACCATA,SQVVGITQLIILTTAATPPVISP*RT**HRPPTFWQ*LAHIGGKAIFAAKIVLVIIGNVIDIVFITAIIIFIVCPNVIVKCPVITRRITPGRQTKTRRRLAHKFVVGNLITLPVKHIAVVLFTMRLSGIDGNGTNACIPASPQSKRVIIIRDHRATIQRQ*IIKTI
GTTTAATTTTTGATTCCCCAGCCCTTGTAGATGCCGCGTTCAGGCTAGCTTCGTTCAAATCCATTAAAGATATCAGACTACTCTCAGGTACGTGAGTAAGGTAAAACCCAGTTCCAACACCAATATCCAGATGGTTGTTACCTAAATGTTCCAGAAAGTGTGGAAGAAGGTGTTCCTTTGTAGGACATCCCCATGCAAGCCGATTTGATACTCCCAAAACCCACCAGTCATAAAGCTTTAGGGTAAGTGGTGTGTAAATTCTAGCCCCATCATCTG,V*FLIPQPL*MPRSG*LRSNPLKISDYSQVRE*GKTQFQHQYPDGCYLNVPESVEEGVPL*DIPMQADLILPKPTSHKALG*VVCKF*PHHL
GAAACGCCTTGTCCATAGACGCCCCTTCCACATGCGCCACAAGAAACCTCTATTCCAGTGACACAATTGCGCCTAATTAATTACATTTAATATTTAATTATGAGTTCCTCACCATCTATTACATACTTTTTAACCATATCGGAATATTTATCATAA,ETPCP*TPLPHAPQETSIPVTQLRLINYI*YLIMSSSPSITYFLTISEYLS*
CATATCGCCGCCATTCGCCCACAA,HIAAIRPQ
CATGCGTATGTTGCAGGAAGAGAATATCTGGATCGTCGGTACGGCAGGCGAGGCGGATCATACACTCTATCAGAGCAAAATGACCGGACGCCTGGCGCTGGTGATGGGTGCGGAAGGTGAAGGTATGCGTCGCCTGACTCGTGAACATTGCGATGAGTTGATCAGCATCCCGATGGCTGGAAGCGTTTCTTCCCTGAACGTTTCGGTTGCGACCGGAATTTGCTTATTTGAAGCGGTGCGCCAGCGCAGCTAATTTCTCAGAATTATGAAAAGCCATCC,HAYVAGREYLDRRYGRRGGSYTLSEQNDRTPGAGDGCGR*RYASPDS*TLR*VDQHPDGWKRFFPERFGCDRNLLI*SGAPAQLISQNYEKPS
AAGGTATATTTTGTTTTTTGCCGGAGGATAGCAGCAGATCGCTGCACAATGTCCGTCAAGTCTAACATTGACACTCTGGGGCAAAATAGACCGGCGTCCCGGCCTGCTGGAATTTAT,KVYFVFCRRIAADRCTMSVKSNIDTLGQNRPASRPAGIY
